date,reference,description,debit,credit,balance
2026-05-01,SOLDE-INITIAL,Solde reporté au 1er mai 2026,,,45280.12
2026-05-03,VIR-20260503-001,VIREMENT GreenLeaf GL-2026-05-001,,5040.00,50320.12
2026-05-05,VIR-20260505-002,VIREMENT GreenLeaf GL-2026-05-002,,10368.00,60688.12
2026-05-07,VIR-20260507-003,VIREMENT MediSupply MS-2026-05-001,,6000.00,66688.12
2026-05-10,VIR-20260510-004,VIREMENT Oceanic OL-2026-05-001,,4560.00,71248.12
2026-05-12,VIR-20260512-005,VIREMENT BuildRight BR-2026-05-001,,15516.00,86764.12
2026-05-14,VIR-20260514-006,VIREMENT GreenLeaf GL-2026-05-003,,3000.00,89764.12
2026-05-15,VIR-20260515-007,VIREMENT FOURNISSEUR INCONNU ref 4478X,,1200.00,90964.12
2026-05-17,VIR-20260517-008,VIREMENT BuildRight BR-2026-05-001 (doublon),,15516.00,106480.12
2026-05-18,VIR-20260518-009,VIREMENT MediSupply MS-2026-05-002,,3780.00,110260.12
2026-05-20,VIR-20260520-010,VIREMENT Oceanic OL-2026-05-002,,7440.00,117700.12
2026-05-21,VIR-20260521-011,VIREMENT GreenLeaf GL-2026-05-002 (complément),,500.00,118200.12
2026-05-22,VIR-20260522-012,VIREMENT BuildRight BR-2026-05-002,,5952.00,124152.12
2026-05-25,VIR-20260525-013,VIREMENT MediSupply ref MS-2026-04-015,,11760.00,135912.12
2026-05-27,VIR-20260527-014,VIREMENT Oceanic OL-2026-05-003,,2160.00,138072.12
2026-05-29,VIR-20260529-015,VIREMENT BuildRight BR-2026-05-003,,8640.00,146712.12
2026-05-31,VIR-20260531-016,VIREMENT GreenLeaf (avance sur facture à venir),,1000.00,147712.12
2026-05-31,FRAIS-202605,Frais bancaires mai 2026,45.00,,147667.12
